[{"id":"2024-05-25-CD Hermanos Colmenarez-Metropolitanos FC","fullDate":"2024-05-25T16:30","date":"2024-05-25","hour":"16:30","played":true,"teams":{"home":{"id":2854,"name":"CD Hermanos Colmenarez","country":"","position":null,"featured":false,"score":2,"winner":null},"away":{"id":2825,"name":"Metropolitanos FC","country":"🇨🇱","position":4,"featured":false,"score":2,"winner":null}}},{"id":"2024-05-18-Metropolitanos FC-UCV","fullDate":"2024-05-18T19:00","date":"2024-05-18","hour":"19:00","played":true,"teams":{"home":{"id":2825,"name":"Metropolitanos FC","country":"🇨🇱","position":4,"featured":false,"score":5,"winner":true},"away":{"id":2840,"name":"UCV","country":"","position":null,"featured":false,"score":2,"winner":false}}},{"id":"2024-05-15-Lanus-Metropolitanos FC","fullDate":"2024-05-15T17:00","date":"2024-05-15","hour":"17:00","played":true,"teams":{"home":{"id":446,"name":"Lanus","country":"🇦🇷","position":1,"featured":true,"score":5,"winner":true},"away":{"id":2825,"name":"Metropolitanos FC","country":"🇨🇱","position":4,"featured":false,"score":0,"winner":false}}},{"id":"2024-05-11-Metropolitanos FC-Real Esppor Club","fullDate":"2024-05-11T15:00","date":"2024-05-11","hour":"15:00","played":true,"teams":{"home":{"id":2825,"name":"Metropolitanos FC","country":"🇨🇱","position":4,"featured":false,"score":2,"winner":true},"away":{"id":2813,"name":"Real Esppor Club","country":"","position":null,"featured":false,"score":1,"winner":false}}},{"id":"2024-05-08-Cuiaba-Metropolitanos FC","fullDate":"2024-05-08T19:00","date":"2024-05-08","hour":"19:00","played":true,"teams":{"home":{"id":1193,"name":"Cuiaba","country":"🇧🇷","position":2,"featured":true,"score":3,"winner":true},"away":{"id":2825,"name":"Metropolitanos FC","country":"🇨🇱","position":4,"featured":false,"score":0,"winner":false}}},{"id":"2024-05-04-Real Esppor Club-Metropolitanos FC","fullDate":"2024-05-04T16:00","date":"2024-05-04","hour":"16:00","played":true,"teams":{"home":{"id":2813,"name":"Real Esppor Club","country":"","position":null,"featured":false,"score":1,"winner":false},"away":{"id":2825,"name":"Metropolitanos FC","country":"🇨🇱","position":4,"featured":false,"score":2,"winner":true}}},{"id":"2024-04-30-UCV-Metropolitanos FC","fullDate":"2024-04-30T18:30","date":"2024-04-30","hour":"18:30","played":true,"teams":{"home":{"id":2840,"name":"UCV","country":"","position":null,"featured":false,"score":0,"winner":null},"away":{"id":2825,"name":"Metropolitanos FC","country":"🇨🇱","position":4,"featured":false,"score":0,"winner":null}}},{"id":"2024-04-27-Metropolitanos FC-CD Hermanos Colmenarez","fullDate":"2024-04-27T19:00","date":"2024-04-27","hour":"19:00","played":true,"teams":{"home":{"id":2825,"name":"Metropolitanos FC","country":"🇨🇱","position":4,"featured":false,"score":2,"winner":true},"away":{"id":2854,"name":"CD Hermanos Colmenarez","country":"","position":null,"featured":false,"score":0,"winner":false}}},{"id":"2024-04-25-Metropolitanos FC-Lanus","fullDate":"2024-04-25T17:00","date":"2024-04-25","hour":"17:00","played":true,"teams":{"home":{"id":2825,"name":"Metropolitanos FC","country":"🇨🇱","position":4,"featured":false,"score":0,"winner":false},"away":{"id":446,"name":"Lanus","country":"🇦🇷","position":1,"featured":true,"score":2,"winner":true}}},{"id":"2024-04-19-Metropolitanos FC-Angostura FC","fullDate":"2024-04-19T18:00","date":"2024-04-19","hour":"18:00","played":true,"teams":{"home":{"id":2825,"name":"Metropolitanos FC","country":"🇨🇱","position":4,"featured":false,"score":2,"winner":true},"away":{"id":2838,"name":"Angostura FC","country":"","position":null,"featured":false,"score":0,"winner":false}}},{"id":"2024-04-15-Puerto Cabello-Metropolitanos FC","fullDate":"2024-04-15T18:00","date":"2024-04-15","hour":"18:00","played":true,"teams":{"home":{"id":2827,"name":"Puerto Cabello","country":"","position":null,"featured":false,"score":2,"winner":false},"away":{"id":2825,"name":"Metropolitanos FC","country":"🇨🇱","position":4,"featured":false,"score":3,"winner":true}}},{"id":"2024-04-11-Metropolitanos FC-Cuiaba","fullDate":"2024-04-11T17:00","date":"2024-04-11","hour":"17:00","played":true,"teams":{"home":{"id":2825,"name":"Metropolitanos FC","country":"🇨🇱","position":4,"featured":false,"score":0,"winner":false},"away":{"id":1193,"name":"Cuiaba","country":"🇧🇷","position":2,"featured":true,"score":2,"winner":true}}},{"id":"2024-04-07-Metropolitanos FC-Caracas FC","fullDate":"2024-04-07T15:00","date":"2024-04-07","hour":"15:00","played":true,"teams":{"home":{"id":2825,"name":"Metropolitanos FC","country":"🇨🇱","position":4,"featured":false,"score":0,"winner":null},"away":{"id":2808,"name":"Caracas FC","country":"🇻🇪","position":null,"featured":false,"score":0,"winner":null}}},{"id":"2024-04-04-Deportivo Garcilaso-Metropolitanos FC","fullDate":"2024-04-04T17:00","date":"2024-04-04","hour":"17:00","played":true,"teams":{"home":{"id":20960,"name":"Deportivo Garcilaso","country":"🇵🇪","position":3,"featured":false,"score":3,"winner":true},"away":{"id":2825,"name":"Metropolitanos FC","country":"🇨🇱","position":4,"featured":false,"score":2,"winner":false}}},{"id":"2024-03-28-Deportivo Tachira FC-Metropolitanos FC","fullDate":"2024-03-28T18:30","date":"2024-03-28","hour":"18:30","played":true,"teams":{"home":{"id":2807,"name":"Deportivo Tachira FC","country":"🇻🇪","position":null,"featured":false,"score":2,"winner":true},"away":{"id":2825,"name":"Metropolitanos FC","country":"🇨🇱","position":4,"featured":false,"score":0,"winner":false}}}]